{
  "project_info": {
    "project_number": "325440654062",
    "project_id": "chilli-9237b",
    "storage_bucket": "chilli-9237b.appspot.com"
  },
  "client": [
    {
      "client_info": {
        "mobilesdk_app_id": "1:325440654062:android:c32967069558ce257681ff",
        "android_client_info": {
          "package_name": "id.ac.umn.chilli"
        }
      },
      "oauth_client": [
        {
          "client_id": "325440654062-ivb4ub0anuakgoci745je3brkbb2scjo.apps.googleusercontent.com",
          "client_type": 3
        }
      ],
      "api_key": [
        {
          "current_key": "AIzaSyD-dZSvFtSfcZg_k5ZrxnxjCfby4Jl90_I"
        }
      ],
      "services": {
        "appinvite_service": {
          "other_platform_oauth_client": [
            {
              "client_id": "325440654062-ivb4ub0anuakgoci745je3brkbb2scjo.apps.googleusercontent.com",
              "client_type": 3
            }
          ]
        }
      }
    }
  ],
  "configuration_version": "1"
}